--
-- Test data for table `arbitros`
--

INSERT INTO `arbitros` (`arbitro_id`,`arbitro_nombre`,`arbitro_apellido`,`arbitro_localidad`) VALUES 
 (4,'Leonardo',' Zalazar','Villa GG'),
 (6,'Caudio','Gonzales','Reconquista'),
 (7,'Federizo','Gonzalez','Reconquista');

--
-- Test data for table `clubes`
--
INSERT INTO `clubes` (`club_id`,`club_nombre`,`club_localidad`) VALUES 
 (1,'OBRAS','CAPITAL FEDERAL'),
 (2,'QUIMSA','CAPITAL FEDERAL'),
 (3,'QUILMES','QUILMES'),
 (4,'ATENAS','CORDOBA'),
 (5,'GECR - INDALO','ROSARIO'),
 (6,'REGATAS (C)','CORDOBA'),
 (7,'OLIMPICO (LB)','GUALEGUAY'),
 (8,'ATL. BOCA JRS.','CAPITAL FEDERAL'),
 (9,'ESTUDIANTES (C)','BUENOS AIRES'),
 (10,'LIBERTAD','SANTA FE'),
 (11,'LANUS','BUENOS AIRES'),
 (12,'ARGENTINO (J)','JUNIN'),
 (13,'WEBER BAHIA','BAHIA BLANCA'),
 (14,'SAN MARTIN (C)','CORDOBA'),
 (15,'LA UNION FSA.','FORMOSA'),
 (16,'SIONISTA','SAN JUAN'),
 (17,'PEÑAROL','BAHIA BLANCA'),
 (18,'CICLISTA (J)','JUJUY');

--
-- Test data for table `jugadores`
--
--
INSERT INTO `jugadores` (`jugador_id`,`jugador_fec_nac`,`jugador_nombre`,`jugador_apellido`,`jugador_numero`,`jugador_actual_club_id`,`jugador_estado`) VALUES 
 (1,'2015-02-25 19:32:45','Hugo','Fernandez',1,1,0),
 (2,'2015-02-25 19:32:45','Daniel','Gomez',2,2,0),
 (3,'2015-02-25 19:32:45','Pablo','Alonso',3,3,0),
 (4,'2015-02-25 19:32:45','Alejandro','Gallego',4,4,0),
 (5,'2015-02-25 19:32:45','Alvaro','Gariglio',5,5,0),
 (6,'2015-02-25 19:32:45','Adrian','Orlandini',6,6,0),
 (7,'2015-02-25 19:32:45','David','Araya',7,7,0),
 (8,'2015-02-25 19:32:45','Mario','Perez',8,8,0),
 (9,'2015-02-25 19:32:45','Diego','Gonzalez',9,9,0),
 (10,'2015-02-25 19:32:45','Javier','Diez',10,10,0),
 (11,'2015-02-25 19:32:45','Lucas','Zeballos',11,11,0),
 (12,'2015-02-25 19:32:45','Nicolas','Fernandez',12,12,0),
 (13,'2015-02-25 19:32:45','Manuel','Gomez',13,13,0),
 (14,'2015-02-25 19:32:45','Marcos','Alonso',14,14,0),
 (15,'2015-02-25 19:32:45','Iker','Espinosa',15,15,0),
 (16,'2015-02-25 19:32:45','Sergio','Gariglio',16,16,0),
 (17,'2015-02-25 19:32:45','Izan','Orlandini',17,17,0),
 (18,'2015-02-25 19:32:45','Jorge','Araya',18,18,0),
 (19,'2015-02-25 19:32:45','Carlos','Perez',19,1,0),
 (20,'2015-02-25 19:32:45','Martin','Gonzalez',20,2,0),
 (21,'2015-02-25 19:32:45','Leo','Diez',21,3,0),
 (22,'2015-02-25 19:32:45','Miguel','Zeballos',22,4,0),
 (23,'2015-02-25 19:32:45','Marc','Baldí',23,5,0),
 (24,'2015-02-25 19:32:45','Mateo','Baldi',24,6,0),
 (25,'2015-02-25 19:32:45','Alex','Baldioceda',25,7,0),
 (26,'2015-02-25 19:32:45','Gonzalo','Baldivia',26,8,0),
 (27,'2015-02-25 19:32:45','Antonio','Baldizón',1,9,0),
 (28,'2015-02-25 19:32:45','Ivan','Balladares',2,10,0),
 (29,'2015-02-25 19:32:45','Juan','Ballar',3,11,0),
 (30,'2015-02-25 19:32:45','Angel','Ballard',4,12,0),
 (31,'2015-02-25 19:32:45','Ruben','Ballester',5,13,0),
 (32,'2015-02-25 19:32:45','Victor','Ballestero',6,14,0),
 (33,'2015-02-25 19:32:45','Hector','Arronis',7,15,0),
 (34,'2015-02-25 19:32:45','Samuel',' arroniz',8,16,0),
 (35,'2015-02-25 19:32:45','Aitor','Arroyave',9,17,0),
 (36,'2015-02-25 19:32:45','Eric','Arroyo',10,18,0),
 (37,'2015-02-25 19:32:45','Gabriel','Arrubla',11,1,0),
 (38,'2015-02-25 19:32:45','Joel','Artavia',12,2,0),
 (39,'2015-02-25 19:32:45','Raul','Arteaga',13,3,0),
 (40,'2015-02-25 19:32:45','Jose','Cardos',14,4,0),
 (41,'2015-02-25 19:32:45','Rodrigo','Cardoso',15,5,0),
 (42,'2015-02-25 19:32:45','Adam','Cardoza',16,6,0),
 (43,'2015-02-25 19:32:45','Guillermo','Cardoze',17,7,0),
 (44,'2015-02-25 19:32:45','Dario','Cares',18,8,0),
 (45,'2015-02-25 19:32:45','Jesus','Carias',19,9,0),
 (46,'2015-02-25 19:32:45','Erik','Caridad',20,10,0),
 (47,'2015-02-25 19:32:45','Bruno','Carit',21,11,0),
 (48,'2015-02-25 19:32:45','Marco','Carlos',22,12,0),
 (49,'2015-02-25 19:32:45','Francisco','Echandi',23,13,0),
 (50,'2015-02-25 19:32:45','Aaron','Echavarría',24,14,0),
 (51,'2015-02-25 19:32:45','Pau','Echeverri',25,15,0),
 (52,'2015-02-25 19:32:45','Pedro','Echeverría',26,16,0),
 (53,'2015-02-25 19:32:45','Alberto','Eduarte',1,17,0),
 (54,'2015-02-25 19:32:45','Jaime','Egea',2,18,0),
 (55,'2015-02-25 19:32:45','Enzo','Elías',3,1,0),
 (56,'2015-02-25 19:32:45','Luis','Eligia',4,2,0),
 (57,'2015-02-25 19:32:45','Oliver','Elizalde',5,3,0),
 (58,'2015-02-25 19:32:45','Asier','Galba',6,4,0),
 (59,'2015-02-25 19:32:45','Rafael','Galcerán',7,5,0),
 (60,'2015-02-25 19:32:45','Unai','Galeano',8,6,0),
 (61,'2015-02-25 19:32:45','Pol','Galeas',9,7,0),
 (62,'2015-02-25 19:32:45','Mohamed','Galeno',10,8,0),
 (63,'2015-02-25 19:32:45','Oscar','Galera',11,9,0),
 (64,'2015-02-25 19:32:45','Andres','Galiana',12,10,0),
 (65,'2015-02-25 19:32:45','Biel','Galiano',13,11,0),
 (66,'2015-02-25 19:32:45','Ismael','Herencia',14,12,0),
 (67,'2015-02-25 19:32:45','Fernando','Heríquez',15,13,0),
 (68,'2015-02-25 19:32:45','Arnau','Hermann',16,14,0),
 (69,'2015-02-25 19:32:45','Rayan','Hermosilla',17,15,0),
 (70,'2015-02-25 19:32:45','Alonso','Hernández',18,16,0),
 (71,'2015-02-25 19:32:45','Marti','Hernando',19,17,0),
 (72,'2015-02-25 19:32:45','Gerard','Hernánez',20,18,0),
 (73,'2015-02-25 19:32:45','Ian','Largo',21,1,0),
 (74,'2015-02-25 19:32:45','Jan','Larios',22,2,0),
 (75,'2015-02-25 19:32:45','Ignacio','Larrabure',23,3,0),
 (76,'2015-02-25 19:32:45','Miguel angel','Larrad',24,4,0),
 (77,'2015-02-25 19:32:45','Cristian','Larragan',25,5,0),
 (78,'2015-02-25 19:32:45','Santiago','Larragán',26,6,0),
 (79,'2015-02-25 19:32:45','Gael','Larraguivel',1,7,0),
 (80,'2015-02-25 19:32:45','Nil','Lasa',2,8,0),
 (81,'2015-02-25 19:32:45','Joan','Lasantas',3,9,0),
 (82,'2015-02-25 19:32:45','Thiago','Láscares',4,10,0),
 (83,'2015-02-25 19:32:45','Enrique','Láscarez',5,11,0),
 (84,'2015-02-25 19:32:45','Isaac','Láscaris',6,12,0),
 (85,'2015-02-25 19:32:45','Saul','Lasso',7,13,0),
 (86,'2015-02-25 19:32:45','Jose antonio','Lastra',8,14,0),
 (87,'2015-02-25 19:32:45','Yago','Lastreto',9,15,0),
 (88,'2015-02-25 19:32:45','Jose manuel','Latiff',10,16,0),
 (89,'2015-02-25 19:32:45','Roberto','Latino',11,17,0),
 (90,'2015-02-25 19:32:45','Eduardo','Latorraca',12,18,0),
 (91,'2015-02-25 19:32:45','Omar','Laurito',13,1,0),
 (92,'2015-02-25 19:32:45','Aleix','Laverde',14,2,0),
 (93,'2015-02-25 19:32:45','Luca','Lázaro',15,3,0),
 (94,'2015-02-25 19:32:45','Oriol','Malestín',16,4,0),
 (95,'2015-02-25 19:32:45','Jordi','Maltés',17,5,0),
 (96,'2015-02-25 19:32:45','Francisco javier','Maltez',18,6,0),
 (97,'2015-02-25 19:32:45','Ander','Malvarez',19,7,0),
 (98,'2015-02-25 19:32:45','Jon','Manavella',20,8,0),
 (99,'2015-02-25 19:32:45','Yeray','Mancheno',21,9,0),
 (100,'2015-02-25 19:32:45','Dylan','Mancia',22,10,0),
 (101,'2015-02-25 19:32:45','Daniel','Mancía',23,11,0),
 (102,'2015-02-25 19:32:45','Hugo','Mandas',24,12,0),
 (103,'2015-02-25 19:32:45','Alejandro','Mangaña',25,13,0),
 (104,'2015-02-25 19:32:45','Pablo','Mangas',26,14,0),
 (105,'2015-02-25 19:32:45','Alvaro','Mangel',27,15,0),
 (106,'2015-02-25 19:32:45','Adrian','Manjarres',28,16,0),
 (107,'2015-02-25 19:32:45','David','Mans',29,17,0),
 (108,'2015-02-25 19:32:45','Diego','Mansalvo',30,18,0),
 (109,'2015-02-25 19:32:45','Mario','Mansilla',31,1,0),
 (110,'2015-02-25 19:32:45','Javier','Manso',32,2,0),
 (111,'2015-02-25 19:32:45','Marcos','Mantanero',33,3,0),
 (112,'2015-02-25 19:32:45','Manuel','Mantica',34,4,0),
 (113,'2015-02-25 19:32:45','Sergio','Mantilla',35,5,0),
 (114,'2015-02-25 19:32:45','Nicolas','Manuel',36,6,0),
 (115,'2015-02-25 19:32:45','Iker','Manzanal',37,7,0),
 (116,'2015-02-25 19:32:45','Lucas','Manzanares',38,8,0),
 (117,'2015-02-25 19:32:45','Ivan','Manzano',39,9,0),
 (118,'2015-02-25 19:32:45','Carlos','Manzur',40,10,0),
 (119,'2015-02-25 19:32:45','Miguel','Marabiaga',41,11,0),
 (120,'2015-02-25 19:32:45','Jorge','Maradiaga',42,12,0),
 (121,'2015-02-25 19:32:45','Martin','Marbes',43,13,0),
 (122,'2015-02-25 19:32:45','Marc','Marbis',44,14,0),
 (123,'2015-02-25 19:32:45','Alex',' marcenaro',45,15,0),
 (124,'2015-02-25 19:32:45','Mateo','March',46,16,0),
 (125,'2015-02-25 19:32:45','Gonzalo','Marchena',47,17,0),
 (126,'2015-02-25 19:32:45','Izan','Marcia',48,18,0),
 (127,'2015-02-25 19:32:45','Ruben','Marcías',49,1,0),
 (128,'2015-02-25 19:32:45','Antonio','Marcillo',50,2,0),
 (129,'2015-02-25 19:32:45','Juan','Marcos',51,3,0),
 (130,'2015-02-25 19:32:45','Leo','Mardones',52,4,0),
 (131,'2015-02-25 19:32:45','Angel','Marenco',53,5,0),
 (132,'2015-02-25 19:32:45','Victor','Margules',54,6,0),
 (133,'2015-02-25 19:32:45','Samuel','María',55,7,0),
 (134,'2015-02-25 19:32:45','Aitor','Marichal',56,8,0),
 (135,'2015-02-25 19:32:45','Raul','Marín',10,9,0),
 (136,'2015-02-25 19:32:45','Hector','Marinero',98,10,0),
 (137,'2015-02-25 19:32:45','Gabriel','Marino',14,11,0),
 (138,'2015-02-25 19:32:45','Eric','Mariñas',16,12,0),
 (139,'2015-02-25 19:32:45','Guillermo','Mariño',18,13,0),
 (140,'2015-02-25 19:32:45','Rodrigo','Marot',20,14,0),
 (141,'2015-02-25 19:32:45','Adam','Maroto',22,15,0),
 (142,'2015-02-25 19:32:45','Dario','Marqués',24,16,0),
 (143,'2015-02-25 19:32:45','Jesus','Marquez',26,17,0),
 (144,'2015-02-25 19:32:45','Jose','Marreco',28,18,0),
 (145,'2015-02-25 19:32:45','Aaron','Marrero',30,1,0),
 (146,'2015-02-25 19:32:45','Jaime','Marroquín',99,2,0),
 (147,'2015-02-25 19:32:45','Pedro','Marsell',34,3,0),
 (148,'2015-02-25 19:32:45','Alberto','Marte',36,4,0),
 (149,'2015-02-25 19:32:45','Bruno','Martell',38,5,0),
 (150,'2015-02-25 19:32:45','Joel','Martén',40,6,0),
 (151,'2015-02-25 19:32:45','Francisco','Martens',42,7,0),
 (152,'2015-02-25 19:32:45','Marco','Nemar',44,8,0),
 (153,'2015-02-25 19:32:45','Pau','Neyra',46,9,0),
 (154,'2015-02-25 19:32:45','Luis','Nieto',48,10,0),
 (155,'2015-02-25 19:32:45','Unai','Nino',50,11,0),
 (156,'2015-02-25 19:32:45','Oscar','Niño',52,12,0),
 (157,'2015-02-25 19:32:45','Rafael','Noble',66,13,0),
 (158,'2015-02-25 19:32:45','Mohamed','Noboa',56,14,0),
 (159,'2015-02-25 19:32:45','Fernando','Noel',58,15,0),
 (160,'2015-02-25 19:32:45','Ismael','Pamares',60,16,0),
 (161,'2015-02-25 19:32:45','Andres','Pampillo',62,17,0),
 (162,'2015-02-25 19:32:45','Erik','Pana',64,18,0),
 (163,'2015-02-25 19:32:45','Asier','Pandolfo',66,1,0),
 (164,'2015-02-25 19:32:45','Gerard','Paniagua',68,2,0),
 (165,'2015-02-25 19:32:45','Ignacio','Pantigoso',70,3,0),
 (166,'2015-02-25 19:32:45','Alonso','Rojas',72,4,0),
 (167,'2015-02-25 19:32:45','Arnau','Rojo',74,5,0),
 (168,'2015-02-25 19:32:45','Pol','Roldán',76,6,0),
 (169,'2015-02-25 19:32:45','Biel','Romagosa',78,7,0),
 (170,'2015-02-25 19:32:45','Cristian','Román',80,8,0),
 (171,'2015-02-25 19:32:45','Oliver','Romano',82,9,0),
 (172,'2015-02-25 19:32:45','Rayan','Romero',84,10,0),
 (173,'2015-02-25 19:32:45','Joan','Roque',86,11,0),
 (174,'2015-02-25 19:32:45','Santiago','Rosa',88,12,0),
 (175,'2015-02-25 19:32:45','Marti','Rosabal',90,13,0),
 (176,'2015-02-25 19:32:45','Jan','Rosales',1,14,0),
 (177,'2015-02-25 19:32:45','Miguel angel','Saavedra',2,15,0),
 (178,'2015-02-25 19:32:45','Nil','Saba',3,16,0),
 (179,'2015-02-25 19:32:45','Jose antonio','Sabah',4,17,0),
 (180,'2015-02-25 19:32:45','Isaac','Saballo',5,18,0),
 (181,'2015-02-25 19:32:45','Oriol','Saballos',6,1,0),
 (182,'2015-02-25 19:32:45','Roberto','Sabat',7,2,0),
 (183,'2015-02-25 19:32:45','Aleix','Sabate',8,3,0),
 (184,'2015-02-25 19:32:45','Enrique','Sabba',9,4,0),
 (185,'2015-02-25 19:32:45','Eduardo','Sabín',10,5,0),
 (186,'2015-02-25 19:32:45','Ian','Sabogal',11,6,0),
 (187,'2015-02-25 19:32:45','Jose manuel','Saborío',12,7,0),
 (188,'2015-02-25 19:32:45','Ander','Tardencilla',13,8,0),
 (189,'2015-02-25 19:32:45','Jordi','Tarjan',14,9,0),
 (190,'2015-02-25 19:32:45','Saul','Tarrillo',15,10,0),
 (191,'2015-02-25 19:32:45','Francisco javier','Tasara',16,11,0),
 (192,'2015-02-25 19:32:45','Yago','Tate',17,12,0),
 (193,'2015-02-25 19:32:45','Cesar','Tato',97,13,0),
 (194,'2015-02-25 19:32:45','Adria','Tavares',19,14,0),
 (195,'2015-02-25 19:32:45','Omar','Tedesco',20,15,0),
 (196,'2015-02-25 19:32:45','Yeray','Teherán',21,16,0),
 (197,'2015-02-25 19:32:45','Gael','Uriarte',22,17,0),
 (198,'2015-02-25 19:32:45','Jon','Uribe',23,18,0),
 (199,'2015-02-25 19:32:45','Mikel','Uriel',24,1,0),
 (200,'2015-02-25 19:32:45','Guillem','Urieta',25,2,0),
 (201,'2015-02-25 19:32:45','Daniel','Uriza',26,3,0),
 (202,'2015-02-25 19:32:45','Alejandro','Uroz',27,4,0),
 (203,'2015-02-25 19:32:45','Pablo','Urquiaga',28,5,0),
 (204,'2015-02-25 19:32:45','Hugo','Urra',29,6,0),
 (205,'2015-02-25 19:32:45','Alvaro','Urraca',30,7,0),
 (206,'2015-02-25 19:32:45','Adrian','Villareiva',31,8,0),
 (207,'2015-02-25 19:32:45','David','Villarreal',32,9,0),
 (208,'2015-02-25 19:32:45','Javier','Villarroel',33,10,0),
 (209,'2015-02-25 19:32:45','Sergio','Villas',34,11,0),
 (210,'2015-02-25 19:32:45','Diego','Villaseñor',35,12,0),
 (211,'2015-02-25 19:32:45','Ivan','Villasuso',36,13,0),
 (212,'2015-02-25 19:32:45','Mario','Villatoro',37,14,0),
 (213,'2015-02-25 19:32:45','Marcos','Villaverde',38,15,0),
 (214,'2015-02-25 19:32:45','Iker','Villavicencio',39,16,0),
 (215,'2015-02-25 19:32:45','Manuel','Villeda',40,17,0),
 (216,'2015-02-25 19:32:45','Carlos','Marinero',41,18,0),
 (217,'2015-02-25 19:32:45','Jorge','Marino',42,1,0),
 (218,'2015-02-25 19:32:45','Miguel','Mariñas',43,2,0),
 (219,'2015-02-25 19:32:45','Samuel','Mariño',44,3,0),
 (220,'2015-02-25 19:32:45','Lucas','Marot',45,4,0),
 (221,'2015-02-25 19:32:45','Ruben','Maroto',46,5,0),
 (222,'2015-02-25 19:32:45','Antonio','Marqués',47,6,0),
 (223,'2015-02-25 19:32:45','Nicolas','Marquez',48,7,0),
 (224,'2015-02-25 19:32:45','Aitor','Marreco',49,8,0),
 (225,'2015-02-25 19:32:45','Marc','Marrero',50,9,0),
 (226,'2015-02-25 19:32:45','Victor','Marroquín',51,10,0),
 (227,'2015-02-25 19:32:45','Raul','Marsell',52,11,0),
 (228,'2015-02-25 19:32:45','Juan','Marte',53,12,0),
 (229,'2015-02-25 19:32:45','Hector','Martell',54,13,0),
 (230,'2015-02-25 19:32:45','Alex','Martén',55,14,0),
 (231,'2015-02-25 19:32:45','Angel','Martens',56,15,0),
 (232,'2015-02-25 19:32:45','Izan','Nemar',57,16,0),
 (233,'2015-02-25 19:32:45','Gonzalo','Neyra',58,17,0),
 (234,'2015-02-25 19:32:45','Rodrigo','Nieto',59,18,0),
 (235,'2015-02-25 19:32:45','Guillermo','Nino',60,1,0),
 (236,'2015-02-25 19:32:45','Jesus','Niño',61,2,0),
 (237,'2015-02-25 19:32:45','Gabriel','Noble',62,3,0),
 (238,'2015-02-25 19:32:45','Jose','Noboa',63,4,0),
 (239,'2015-02-25 19:32:45','Alberto','Noel',64,5,0),
 (240,'2015-02-25 19:32:45','Francisco','Pamares',65,6,0),
 (241,'2015-02-25 19:32:45','Adam','Pampillo',66,7,0),
 (242,'2015-02-25 19:32:45','Pau','Pana',67,8,0),
 (243,'2015-02-25 19:32:45','Aaron','Pandolfo',68,9,0),
 (244,'2015-02-25 19:32:45','Mateo','Paniagua',69,10,0),
 (245,'2015-02-25 19:32:45','Jaime','Pantigoso',70,11,0),
 (246,'2015-02-25 19:32:45','Martin','Rojas',71,12,0),
 (247,'2015-02-25 19:32:45','Pedro','Rojo',72,13,0),
 (248,'2015-02-25 19:32:45','Oscar','Roldán',73,14,0),
 (249,'2015-02-25 19:32:45','Luis','Romagosa',74,15,0),
 (250,'2015-02-25 19:32:45','Ismael','Fernandez',75,16,0),
 (251,'2015-02-25 19:32:45','Rafael','Gomez',76,17,0),
 (252,'2015-02-25 19:32:45','Mohamed','Alonso',77,18,0),
 (253,'2015-02-25 19:32:45','Eric','Gonzales',78,1,0),
 (254,'2015-02-25 19:32:45','Unai','Gariglio',79,2,0),
 (255,'2015-02-25 19:32:45','Dario','Orlandini',80,3,0),
 (256,'2015-02-25 19:32:45','Fernando','Araya',81,4,0),
 (257,'2015-02-25 19:32:45','Ignacio','Perez',82,5,0),
 (258,'2015-02-25 19:32:45','Pol','Gonzalez',83,6,0),
 (259,'2015-02-25 19:32:45','Bruno','Diez',84,7,0),
 (260,'2015-02-25 19:32:45','Joel','Zeballos',1,8,0),
 (261,'2015-02-25 19:32:45','Miguel angel','Fernandez',2,9,0),
 (262,'2015-02-25 19:32:45','Cristian','Gomez',3,10,0),
 (263,'2015-02-25 19:32:45','Arnau','Alonso',4,11,0),
 (264,'2015-02-25 19:32:45','Andres','Maruso',5,12,0),
 (265,'2015-02-25 19:32:45','Asier','Gariglio',6,13,0),
 (266,'2015-02-25 19:32:45','Marco','Orlandini',7,14,0),
 (267,'2015-02-25 19:32:45','Joan','Araya',8,15,0),
 (268,'2015-02-25 19:32:45','Erik','Perez',9,16,0),
 (269,'2015-02-25 19:32:45','Francisco javier','Gonzalez',10,17,0),
 (270,'2015-02-25 19:32:45','Santiago','Diez',11,18,0),
 (271,'2015-02-25 19:32:45','Jose manuel','Zeballos',12,1,0),
 (272,'2015-02-25 19:32:45','Rayan','Baldí',13,2,0),
 (273,'2015-02-25 19:32:45','Enrique','Baldi',14,3,0),
 (274,'2015-02-25 19:32:45','Biel','Baldioceda',15,4,0),
 (275,'2015-02-25 19:32:45','Jose antonio','Baldivia',16,5,0),
 (276,'2015-02-25 19:32:45','Marti','Baldizón',17,6,0),
 (277,'2015-02-25 19:32:45','Saul','Balladares',18,7,0),
 (278,'2015-02-25 19:32:45','Eduardo','Ballar',19,8,0),
 (279,'2015-02-25 19:32:45','Isaac','Ballard',20,9,0),
 (280,'2015-02-25 19:32:45','Jan','Ballester',21,10,0),
 (281,'2015-02-25 19:32:45','Jordi','Ballestero',22,11,0),
 (282,'2015-02-25 19:32:45','Roberto','Arronis',23,12,0),
 (283,'2015-02-25 19:32:45','Adria',' arroniz',24,13,0),
 (284,'2015-02-25 19:32:45','Oriol','Arroyave',25,14,0),
 (285,'2015-02-25 19:32:45','Gerard','Arroyo',26,15,0),
 (286,'2015-02-25 19:32:45','Juan jose','Arrubla',27,16,0),
 (287,'2015-02-25 19:32:45','Guillem','Artavia',28,17,0),
 (288,'2015-02-25 19:32:45','Omar','Arteaga',29,18,0),
 (289,'2015-02-25 19:32:45','Christian','Cardos',99,1,0),
 (290,'2015-02-25 19:32:45','Leo','Cardoso',31,2,0),
 (291,'2015-02-25 19:32:45','Juan manuel','Cardoza',32,3,0),
 (292,'2015-02-25 19:32:45','Aleix','Cardoze',33,4,0),
 (293,'2015-02-25 19:32:45','Cesar','Cares',34,5,0),
 (294,'2015-02-25 19:32:45','Roger','Carias',35,6,0),
 (295,'2015-02-25 19:32:45','Jose luis','Caridad',36,7,0),
 (296,'2015-02-25 19:32:45','Yeray','Carit',37,8,0),
 (297,'2015-02-25 19:32:45','Jose maria','Carlos',38,9,0),
 (298,'2015-02-25 19:32:45','Sergi','Echandi',39,10,0),
 (299,'2015-02-25 19:32:45','Mikel','Echavarría',40,11,0),
 (300,'2015-02-25 19:32:45','Kevin','Echeverri',41,12,0);


--
-- Test data for table `partidos`
-- 
INSERT INTO `partidos` 
(`partido_id`, `partido_arbitro_id`, `partido_fecha`, `partido_visitante_club_id`, `partido_local_club_id`, `partido_resultado_local`, `partido_resultado_visitante`) 
VALUES 
(1,1,'2013-03-04',1,2,9,11),
(2,1,'2013-03-04',2,3,NULL,NULL),
(3,1,'2013-03-04',1,3,NULL,NULL);

--
-- Test data for table `cuartos`
-- 
INSERT INTO `cuartos` (`cuarto_id`, `cuarto_numero`, `cuarto_partido_id`) 
VALUES 
(1,1,1),(2,2,1);

--
-- Test data for table `eventos`
--

-- cuarto 1 partido 1 total puntos: 9
INSERT INTO `eventos` (`evento_id`, `evento_generador_id`, `evento_fec_hora`, `evento_tipo`, `evento_estado`, `evento_cuarto_id`, `evento_jugador_id`) 
VALUES (1,NULL,'2013-03-04 18:12:14','LANZAMIENTO_JUGADOR_DOS_PUNTOS',1,1,1),
(2,NULL,'2013-03-04 18:12:14','LANZAMIENTO_JUGADOR_DOS_PUNTOS',1,1,1),
(3,NULL,'2013-05-09 01:02:39','LANZAMIENTO_JUGADOR_DOS_PUNTOS',1,1,1),
(4,NULL,'2013-05-09 01:02:39','LANZAMIENTO_JUGADOR_TRES_PUNTOS',1,1,1);

-- cuarto 1 partido 1 total puntos: 11
INSERT INTO `eventos` (`evento_id`, `evento_generador_id`, `evento_fec_hora`, `evento_tipo`, `evento_estado`, `evento_cuarto_id`, `evento_jugador_id`) 
VALUES (5,NULL,'2013-03-04 18:12:14','LANZAMIENTO_JUGADOR_DOS_PUNTOS',1,1,12),
(6,NULL,'2013-03-04 18:12:14','LANZAMIENTO_JUGADOR_DOS_PUNTOS',1,1,12),
(7,NULL,'2013-05-09 01:02:39','LANZAMIENTO_JUGADOR_DOS_PUNTOS',1,1,12),
(8,NULL,'2013-05-09 01:02:39','LANZAMIENTO_JUGADOR_DOS_PUNTOS',1,1,12),
(9,NULL,'2013-05-09 01:02:39','LANZAMIENTO_JUGADOR_TRES_PUNTOS',1,1,12);


-- cuarto 2 partido 1 total puntos: 7
INSERT INTO `eventos` (`evento_id`, `evento_generador_id`, `evento_fec_hora`, `evento_tipo`, `evento_estado`, `evento_cuarto_id`, `evento_jugador_id`) 
VALUES (NULL,NULL,'2013-03-04 18:12:14','LANZAMIENTO_JUGADOR_DOS_PUNTOS',1,2,1),
(NULL,NULL,'2013-03-04 18:12:14','LANZAMIENTO_JUGADOR_DOS_PUNTOS',1,2,1),
(NULL,NULL,'2013-05-09 01:02:39','LANZAMIENTO_JUGADOR_TRES_PUNTOS',1,2,1);

-- cuarto 2 partido 1 total puntos: 4
INSERT INTO `eventos` (`evento_id`, `evento_generador_id`, `evento_fec_hora`, `evento_tipo`, `evento_estado`, `evento_cuarto_id`, `evento_jugador_id`) 
VALUES (NULL,NULL,'2013-03-04 18:12:14','LANZAMIENTO_JUGADOR_DOS_PUNTOS',1,2,12),
(NULL,NULL,'2013-03-04 18:12:14','LANZAMIENTO_JUGADOR_DOS_PUNTOS',1,2,12);

